Phillippines,Indonesia,Malta,India,
Error Free,Error Free,Defective,Error Free,
Error Free,Error Free,Error Free,Defective,
Error Free,Defective,Defective,Error Free,
Error Free,Error Free,Error Free,Error Free,
Error Free,Error Free,Defective,Error Free,
Error Free,Error Free,Error Free,Error Free,
Error Free,Defective,Error Free,Error Free,
Error Free,Error Free,Error Free,Error Free,
Error Free,Error Free,Error Free,Error Free,
Error Free,Error Free,Error Free,Error Free,
Defective,Error Free,Error Free,Error Free,
Error Free,Error Free,Error Free,Error Free,
Error Free,Error Free,Error Free,Defective,
Error Free,Error Free,Error Free,Error Free,
Error Free,Error Free,Error Free,Error Free,
Error Free,Error Free,Defective,Error Free,
Error Free,Error Free,Error Free,Error Free,
Error Free,Error Free,Error Free,Error Free,
Error Free,Error Free,Error Free,Error Free,
Defective,Error Free,Error Free,Defective,
Error Free,Error Free,Error Free,Error Free,
Error Free,Error Free,Defective,Error Free,
Error Free,Error Free,Error Free,Error Free,
Defective,Error Free,Error Free,Error Free,
Error Free,Error Free,Error Free,Error Free,
Error Free,Error Free,Error Free,Error Free,
Error Free,Error Free,Error Free,Error Free,
Error Free,Error Free,Error Free,Error Free,
Error Free,Error Free,Error Free,Error Free,
Error Free,Error Free,Error Free,Error Free,
Error Free,Error Free,Error Free,Error Free,
Error Free,Error Free,Error Free,Defective,
Error Free,Error Free,Error Free,Error Free,
Defective,Error Free,Error Free,Error Free,
Error Free,Error Free,Error Free,Error Free,
Error Free,Error Free,Error Free,Error Free,
Error Free,Error Free,Error Free,Error Free,
Error Free,Error Free,Defective,Error Free,
Error Free,Error Free,Error Free,Error Free,
Defective,Error Free,Defective,Error Free,
Error Free,Error Free,Error Free,Error Free,
Defective,Error Free,Error Free,Error Free,
Error Free,Error Free,Error Free,Error Free,
Error Free,Error Free,Error Free,Error Free,
Defective,Error Free,Defective,Error Free,
Error Free,Error Free,Error Free,Error Free,
Error Free,Error Free,Error Free,Error Free,
Defective,Error Free,Error Free,Error Free,
Error Free,Error Free,Error Free,Error Free,
Error Free,Error Free,Error Free,Defective,
Error Free,Error Free,Error Free,Error Free,
Error Free,Defective,Error Free,Error Free,
Error Free,Error Free,Error Free,Error Free,
Error Free,Error Free,Error Free,Error Free,
Error Free,Error Free,Error Free,Error Free,
Error Free,Error Free,Error Free,Error Free,
Error Free,Error Free,Error Free,Error Free,
Error Free,Error Free,Error Free,Error Free,
Error Free,Error Free,Error Free,Error Free,
Defective,Error Free,Error Free,Error Free,
Error Free,Error Free,Error Free,Defective,
Error Free,Error Free,Error Free,Error Free,
Error Free,Error Free,Error Free,Error Free,
Error Free,Error Free,Error Free,Error Free,
Error Free,Error Free,Error Free,Error Free,
Error Free,Error Free,Error Free,Error Free,
Error Free,Error Free,Defective,Error Free,
Error Free,Error Free,Error Free,Error Free,
Error Free,Defective,Error Free,Error Free,
Error Free,Error Free,Error Free,Error Free,
Error Free,Error Free,Error Free,Error Free,
Defective,Defective,Error Free,Error Free,
Error Free,Error Free,Error Free,Error Free,
Error Free,Error Free,Defective,Error Free,
Error Free,Error Free,Error Free,Error Free,
Error Free,Error Free,Defective,Error Free,
Error Free,Error Free,Error Free,Error Free,
Defective,Error Free,Error Free,Error Free,
Defective,Error Free,Error Free,Defective,
Error Free,Error Free,Error Free,Error Free,
Error Free,Error Free,Error Free,Error Free,
Error Free,Error Free,Error Free,Defective,
Defective,Error Free,Error Free,Error Free,
Defective,Error Free,Error Free,Error Free,
Error Free,Error Free,Error Free,Error Free,
Error Free,Error Free,Defective,Error Free,
Error Free,Error Free,Error Free,Error Free,
Error Free,Error Free,Defective,Error Free,
Error Free,Error Free,Defective,Error Free,
Defective,Defective,Error Free,Error Free,
Error Free,Error Free,Error Free,Error Free,
Error Free,Error Free,Error Free,Error Free,
Error Free,Error Free,Error Free,Error Free,
Error Free,Error Free,Error Free,Error Free,
Error Free,Error Free,Error Free,Error Free,
Error Free,Error Free,Error Free,Error Free,
Error Free,Defective,Error Free,Error Free,
Error Free,Error Free,Error Free,Error Free,
Defective,Error Free,Error Free,Error Free,
Error Free,Error Free,Defective,Error Free,
Error Free,Error Free,Error Free,Error Free,
Defective,Error Free,Defective,Error Free,
Defective,Error Free,Error Free,Error Free,
Defective,Error Free,Error Free,Error Free,
Error Free,Error Free,Error Free,Error Free,
Error Free,Error Free,Error Free,Error Free,
Error Free,Error Free,Error Free,Error Free,
Error Free,Error Free,Error Free,Error Free,
Error Free,Error Free,Error Free,Error Free,
Error Free,Defective,Error Free,Error Free,
Error Free,Error Free,Error Free,Error Free,
Error Free,Error Free,Error Free,Error Free,
Error Free,Error Free,Error Free,Error Free,
Error Free,Error Free,Error Free,Error Free,
Error Free,Defective,Error Free,Error Free,
Error Free,Error Free,Error Free,Error Free,
Error Free,Error Free,Error Free,Error Free,
Defective,Error Free,Error Free,Error Free,
Error Free,Error Free,Error Free,Error Free,
Error Free,Error Free,Error Free,Error Free,
Error Free,Error Free,Error Free,Error Free,
Error Free,Error Free,Error Free,Error Free,
Error Free,Error Free,Defective,Error Free,
Error Free,Error Free,Error Free,Error Free,
Error Free,Error Free,Error Free,Error Free,
Error Free,Error Free,Error Free,Error Free,
Error Free,Defective,Error Free,Error Free,
Error Free,Error Free,Error Free,Error Free,
Defective,Error Free,Error Free,Error Free,
Error Free,Error Free,Error Free,Error Free,
Error Free,Error Free,Error Free,Error Free,
Error Free,Error Free,Error Free,Error Free,
Error Free,Error Free,Error Free,Error Free,
Error Free,Error Free,Error Free,Error Free,
Error Free,Error Free,Error Free,Error Free,
Error Free,Error Free,Error Free,Error Free,
Error Free,Error Free,Error Free,Error Free,
Error Free,Error Free,Error Free,Defective,
Error Free,Defective,Error Free,Defective,
Error Free,Defective,Error Free,Error Free,
Error Free,Error Free,Error Free,Error Free,
Error Free,Error Free,Error Free,Error Free,
Defective,Error Free,Defective,Error Free,
Error Free,Error Free,Error Free,Error Free,
Error Free,Error Free,Error Free,Error Free,
Error Free,Error Free,Error Free,Error Free,
Error Free,Error Free,Error Free,Error Free,
Error Free,Error Free,Error Free,Error Free,
Error Free,Error Free,Error Free,Error Free,
Error Free,Error Free,Error Free,Error Free,
Error Free,Defective,Defective,Error Free,
Error Free,Error Free,Error Free,Error Free,
Error Free,Error Free,Error Free,Error Free,
Error Free,Error Free,Error Free,Error Free,
Error Free,Error Free,Error Free,Error Free,
Error Free,Error Free,Error Free,Error Free,
Error Free,Error Free,Error Free,Error Free,
Error Free,Error Free,Error Free,Error Free,
Error Free,Error Free,Error Free,Error Free,
Error Free,Defective,Error Free,Error Free,
Error Free,Error Free,Error Free,Error Free,
Error Free,Error Free,Error Free,Defective,
Error Free,Error Free,Error Free,Error Free,
Error Free,Error Free,Error Free,Error Free,
Error Free,Error Free,Defective,Error Free,
Defective,Error Free,Error Free,Error Free,
Error Free,Error Free,Error Free,Error Free,
Defective,Error Free,Error Free,Error Free,
Error Free,Defective,Error Free,Error Free,
Error Free,Error Free,Error Free,Error Free,
Error Free,Defective,Error Free,Error Free,
Error Free,Error Free,Error Free,Error Free,
Error Free,Error Free,Error Free,Error Free,
Error Free,Error Free,Defective,Error Free,
Error Free,Error Free,Error Free,Error Free,
Error Free,Defective,Defective,Error Free,
Error Free,Error Free,Error Free,Error Free,
Error Free,Error Free,Error Free,Defective,
Error Free,Error Free,Error Free,Defective,
Error Free,Defective,Error Free,Error Free,
Error Free,Error Free,Error Free,Error Free,
Error Free,Error Free,Error Free,Error Free,
Error Free,Error Free,Error Free,Error Free,
Error Free,Defective,Error Free,Defective,
Error Free,Error Free,Error Free,Defective,
Defective,Error Free,Error Free,Error Free,
Error Free,Defective,Error Free,Error Free,
Error Free,Error Free,Error Free,Defective,
Error Free,Error Free,Error Free,Error Free,
Error Free,Error Free,Error Free,Error Free,
Error Free,Error Free,Error Free,Error Free,
Error Free,Error Free,Error Free,Error Free,
Error Free,Error Free,Error Free,Error Free,
Error Free,Error Free,Error Free,Error Free,
Error Free,Error Free,Error Free,Error Free,
Error Free,Error Free,Error Free,Error Free,
Error Free,Error Free,Error Free,Error Free,
Error Free,Error Free,Error Free,Defective,
Error Free,Defective,Error Free,Error Free,
Error Free,Error Free,Error Free,Error Free,
Error Free,Error Free,Error Free,Error Free,
Error Free,Error Free,Error Free,Error Free,
Error Free,Error Free,Error Free,Error Free,
Error Free,Error Free,Error Free,Error Free,
Error Free,Error Free,Error Free,Error Free,
Error Free,Error Free,Error Free,Error Free,
Error Free,Error Free,Error Free,Error Free,
Error Free,Defective,Defective,Error Free,
Error Free,Error Free,Error Free,Error Free,
Error Free,Error Free,Error Free,Error Free,
Error Free,Error Free,Error Free,Error Free,
Error Free,Error Free,Error Free,Error Free,
Error Free,Error Free,Error Free,Error Free,
Error Free,Error Free,Error Free,Error Free,
Error Free,Error Free,Error Free,Error Free,
Error Free,Error Free,Error Free,Error Free,
Error Free,Defective,Error Free,Error Free,
Error Free,Error Free,Error Free,Error Free,
Error Free,Error Free,Error Free,Defective,
Error Free,Error Free,Error Free,Error Free,
Error Free,Error Free,Error Free,Error Free,
Error Free,Error Free,Defective,Error Free,
Defective,Error Free,Error Free,Error Free,
Error Free,Error Free,Error Free,Error Free,
Defective,Error Free,Error Free,Error Free,
Error Free,Defective,Error Free,Error Free,
Error Free,Error Free,Error Free,Error Free,
Error Free,Error Free,Error Free,Error Free,
Error Free,Error Free,Error Free,Error Free,
Error Free,Error Free,Error Free,Error Free,
Error Free,Error Free,Error Free,Error Free,
Error Free,Error Free,Error Free,Error Free,
Error Free,Error Free,Error Free,Error Free,
Error Free,Error Free,Error Free,Error Free,
Error Free,Defective,Defective,Error Free,
Error Free,Error Free,Error Free,Error Free,
Error Free,Error Free,Error Free,Error Free,
Error Free,Error Free,Error Free,Error Free,
Error Free,Error Free,Error Free,Error Free,
Error Free,Error Free,Error Free,Error Free,
Error Free,Error Free,Error Free,Error Free,
Error Free,Error Free,Error Free,Error Free,
Error Free,Error Free,Error Free,Error Free,
Error Free,Defective,Error Free,Error Free,
Error Free,Error Free,Error Free,Error Free,
Error Free,Error Free,Error Free,Defective,
Error Free,Error Free,Error Free,Error Free,
Error Free,Error Free,Error Free,Error Free,
Error Free,Error Free,Error Free,Error Free,
Error Free,Error Free,Error Free,Error Free,
Error Free,Error Free,Error Free,Error Free,
Error Free,Error Free,Error Free,Error Free,
Error Free,Error Free,Error Free,Error Free,
Error Free,Defective,Defective,Error Free,
Error Free,Error Free,Error Free,Error Free,
Error Free,Error Free,Error Free,Error Free,
Error Free,Error Free,Error Free,Error Free,
Error Free,Error Free,Error Free,Error Free,
Error Free,Error Free,Error Free,Error Free,
Error Free,Error Free,Error Free,Error Free,
Error Free,Error Free,Error Free,Error Free,
Error Free,Defective,Defective,Error Free,
Error Free,Error Free,Error Free,Error Free,
Error Free,Error Free,Error Free,Error Free,
Error Free,Error Free,Error Free,Error Free,
Error Free,Error Free,Error Free,Error Free,
Error Free,Error Free,Error Free,Error Free,
Error Free,Error Free,Error Free,Error Free,
Error Free,Error Free,Error Free,Error Free,
Error Free,Error Free,Error Free,Error Free,
Error Free,Error Free,Error Free,Error Free,
Error Free,Error Free,Error Free,Error Free,
Error Free,Error Free,Error Free,Error Free,
Error Free,Error Free,Error Free,Error Free,
Error Free,Defective,Defective,Error Free,
Error Free,Error Free,Error Free,Error Free,
Error Free,Error Free,Error Free,Error Free,
Error Free,Error Free,Error Free,Error Free,
Error Free,Error Free,Error Free,Error Free,
Error Free,Error Free,Error Free,Error Free,
Error Free,Error Free,Error Free,Error Free,
Error Free,Error Free,Error Free,Error Free,
Error Free,Error Free,Error Free,Error Free,
Error Free,Defective,Error Free,Error Free,
Error Free,Error Free,Error Free,Error Free,
Error Free,Error Free,Error Free,Defective,
Error Free,Error Free,Error Free,Error Free,
Error Free,Error Free,Error Free,Error Free,
Error Free,Error Free,Defective,Error Free,
Defective,Error Free,Error Free,Error Free,
Error Free,Error Free,Error Free,Error Free,
Defective,Error Free,Error Free,Error Free,
Error Free,Defective,Error Free,Error Free,
Error Free,Error Free,Error Free,Error Free,
Error Free,Defective,Error Free,Error Free,
Error Free,Error Free,Error Free,Error Free,
Error Free,Error Free,Error Free,Error Free,
Error Free,Error Free,Defective,Error Free,
Error Free,Error Free,Error Free,Error Free,
Error Free,Defective,Defective,Error Free,
,,,,
Customer,Philippines,Indonesia,Malta,India
1,Error Free,Error Free,Defective,Error Free
2,Error Free,Error Free,Error Free,Defective
3,Error Free,Defective,Defective,Error Free
4,Error Free,Error Free,Defective,Error Free
5,Error Free,Error Free,Error Free,Defective
